role,content,timestamp
user,Hello,2025-01-09 17:49:49
assistant,Hello! How can I assist you today?,2025-01-09 17:49:49
user,What is RAG,2025-01-09 17:49:49
assistant,"RAG could refer to several things, depending on the context:

1. RAG (Retrieval-Augmented Generation): It's a method that leverages methods from the field of information retrieval to augment the capabilities of language generation models in natural language processing.

2. RAG Rating: It's a project management tool used to help manage business and project risk. It uses the RAG status colors Red, Amber and Green to indicate the level of risk or the status of a particular project or task. 

3. RAG (Room and Board): A term used mostly by housing officers in university or college settings that stands for ""Room and Board"".

4. RAG (Raising and Giving): The term used mainly in the UK for activities",2025-01-09 17:49:49
user,What is Education and tell me one quote on it,2025-01-09 17:50:18
assistant,"Education is a systematic process of acquiring knowledge and skills necessary for personal growth and development, as well as participation in societal and community life. It involves the transmission of knowledge, values, skills, beliefs, and habits from one generation to another through discussion, teaching, training, and research. 

A quote on education is: ""Education is the most powerful weapon which you can use to change the world."" - Nelson Mandela.",2025-01-09 17:50:18
